Workbook

Sheet 資料欄
A1: 現況測量收費 | G1: 面積費計算 | H1: 各多少面積? | I1: 共幾單位? | J1: 各多少面積? | K1: 共幾單位?
A2: 建物部分 | B2: 位置費 | C2: 有幾格? | E2: 一個閉合區為一格 | G2: 【每層每格應單獨分算】 | I2: =ROUNDUP((資料欄!H2)/50,0) -> 0 | K2: =ROUNDUP((資料欄!J2)/50,0) -> 0
B3: 面積費 | C3: 各有多少面積?(總共?單位) | D3: =SUM(I2:I29,K2:K29) -> 0 | E3: 於右側「面積費計算」灰色欄位分別填入 | I3: =ROUNDUP((資料欄!H3)/50,0) -> 0 | K3: =ROUNDUP((資料欄!J3)/50,0) -> 0
A4: 非屬建物 | B4: 位置費 | C4: 各閉合區面積各幾格? | D4: 填入下方 | E4: 以各閉合區面積計算並填入 | I4: =ROUNDUP((資料欄!H4)/50,0) -> 0 | K4: =ROUNDUP((資料欄!J4)/50,0) -> 0
C5: 未滿200 | E5: 一個閉合區為一格 | I5: =ROUNDUP((資料欄!H5)/50,0) -> 0 | K5: =ROUNDUP((資料欄!J5)/50,0) -> 0
C6: 200-999 | E6: 注意!! 多分割方案需展示則位置費不必計收 | I6: =ROUNDUP((資料欄!H6)/50,0) -> 0 | K6: =ROUNDUP((資料欄!J6)/50,0) -> 0
C7: 1000-9999 | I7: =ROUNDUP((資料欄!H7)/50,0) -> 0 | K7: =ROUNDUP((資料欄!J7)/50,0) -> 0
C8: 10000 | I8: =ROUNDUP((資料欄!H8)/50,0) -> 0 | K8: =ROUNDUP((資料欄!J8)/50,0) -> 0
C9: 總共幾個點? | E9: 全部閉合區總點數加總(圓形僅算一點) | I9: =ROUNDUP((資料欄!H9)/50,0) -> 0 | K9: =ROUNDUP((資料欄!J9)/50,0) -> 0
B10: 面積費 | C10: 總共幾個點? | E10: 全部閉合區總點數加總(圓形僅算一點) | I10: =ROUNDUP((資料欄!H10)/50,0) -> 0 | K10: =ROUNDUP((資料欄!J10)/50,0) -> 0
A11: 雜項 | B11: 製圖費 | C11: 總共幾張? | E11: 張數直接照來函打 | I11: =ROUNDUP((資料欄!H11)/50,0) -> 0 | K11: =ROUNDUP((資料欄!J11)/50,0) -> 0
A12: 分割方案 | I12: =ROUNDUP((資料欄!H12)/50,0) -> 0 | K12: =ROUNDUP((資料欄!J12)/50,0) -> 0
A13: 甲案 | B13: 基本費 | C13: 各地號分割前面積各幾筆? | D13: 填入下方 | I13: =ROUNDUP((資料欄!H13)/50,0) -> 0 | K13: =ROUNDUP((資料欄!J13)/50,0) -> 0
C14: 未滿200 | I14: =ROUNDUP((資料欄!H14)/50,0) -> 0 | K14: =ROUNDUP((資料欄!J14)/50,0) -> 0
C15: 200-999 | I15: =ROUNDUP((資料欄!H15)/50,0) -> 0 | K15: =ROUNDUP((資料欄!J15)/50,0) -> 0
C16: 1000-9999 | I16: =ROUNDUP((資料欄!H16)/50,0) -> 0 | K16: =ROUNDUP((資料欄!J16)/50,0) -> 0
C17: 10000 | I17: =ROUNDUP((資料欄!H17)/50,0) -> 0 | K17: =ROUNDUP((資料欄!J17)/50,0) -> 0
B18: 施測費 | C18: 總共幾條線? | I18: =ROUNDUP((資料欄!H18)/50,0) -> 0 | K18: =ROUNDUP((資料欄!J18)/50,0) -> 0
A19: 乙案 | B19: 基本費 | C19: 各地號分割前面積各幾筆? | D19: 填入下方 | I19: =ROUNDUP((資料欄!H19)/50,0) -> 0 | K19: =ROUNDUP((資料欄!J19)/50,0) -> 0
C20: 未滿200 | I20: =ROUNDUP((資料欄!H20)/50,0) -> 0 | K20: =ROUNDUP((資料欄!J20)/50,0) -> 0
C21: 200-999 | I21: =ROUNDUP((資料欄!H21)/50,0) -> 0 | K21: =ROUNDUP((資料欄!J21)/50,0) -> 0
C22: 1000-9999 | I22: =ROUNDUP((資料欄!H22)/50,0) -> 0 | K22: =ROUNDUP((資料欄!J22)/50,0) -> 0
C23: 10000 | I23: =ROUNDUP((資料欄!H23)/50,0) -> 0 | K23: =ROUNDUP((資料欄!J23)/50,0) -> 0
B24: 施測費 | C24: 總共幾條線? | I24: =ROUNDUP((資料欄!H24)/50,0) -> 0 | K24: =ROUNDUP((資料欄!J24)/50,0) -> 0
A25: 丙案 | B25: 基本費 | C25: 各地號分割前面積各幾筆? | D25: 填入下方 | I25: =ROUNDUP((資料欄!H25)/50,0) -> 0 | K25: =ROUNDUP((資料欄!J25)/50,0) -> 0
C26: 未滿200 | I26: =ROUNDUP((資料欄!H26)/50,0) -> 0 | K26: =ROUNDUP((資料欄!J26)/50,0) -> 0
C27: 200-999 | I27: =ROUNDUP((資料欄!H27)/50,0) -> 0 | K27: =ROUNDUP((資料欄!J27)/50,0) -> 0
C28: 1000-9999 | I28: =ROUNDUP((資料欄!H28)/50,0) -> 0 | K28: =ROUNDUP((資料欄!J28)/50,0) -> 0
C29: 10000 | I29: =ROUNDUP((資料欄!H29)/50,0) -> 0 | K29: =ROUNDUP((資料欄!J29)/50,0) -> 0
B30: 施測費 | C30: 總共幾條線?

Sheet 結果
A1: 計算結果
A2: 建物收費部分 | B2: 位置費 | C2: =(資料欄!D2)*4000 -> 0
B3: 面積費 | C3: =資料欄!D3*1000 -> 0
A4: 非屬建物部分 | B4: 位置費 | C4: =(資料欄!D5)*2500+(資料欄!D6)*3000+(資料欄!D7)*3500+(資料欄!D8)*4000+ROUNDUP(資料欄!D9/5,0)*1000 -> 0
B5: 面積費 | C5: =資料欄!D10*200 -> 0
A6: 現況測量費小計 | B6: 共 | C6: =SUM(C2:C5) -> 0
A7: 製圖費 | B7: 共 | C7: =(資料欄!D11-1)*20 -> -20
A8: 共割方案費用
A9: 甲案 | B9: 基本費 | C9: =(資料欄!D14*1500)+(資料欄!D15*2000)+(資料欄!D16*2500)+(資料欄!D17*3000) -> 0
B10: 施測費 | C10: =資料欄!D18*500 -> 0 | D10: 判決確定使用下欄金額
A11: 甲案費用小計 | B11: 共 | C11: =SUM(C9:C10) -> 0 | D11: =C11/2 -> 0
A12: 乙案 | B12: 基本費 | C12: =(資料欄!D20*1500)+(資料欄!D21*2000)+(資料欄!D22*2500)+(資料欄!D23*3000) -> 0
B13: 施測費 | C13: =資料欄!D24*500 -> 0 | D13: 判決確定使用下欄金額
A14: 乙案費用小計 | B14: 共 | C14: =SUM(C12:C13) -> 0 | D14: =C14/2 -> 0
A15: 丙案 | B15: 基本費 | C15: =(資料欄!D26*1500)+(資料欄!D27*2000)+(資料欄!D28*2500)+(資料欄!D29*3000) -> 0
B16: 施測費 | C16: =資料欄!D30*500 -> 0 | D16: 判決確定使用下欄金額
A17: 丙案費用小計 | B17: 共 | C17: =SUM(C15:C16) -> 0 | D17: =C17/2 -> 0

Sheet 相關規定
A1: 土地複丈費及建築改良物測量費收費標準
A3: 第 4 條
A4: 各級法院或法務部行政執行署所屬行政執行分署（以下簡稱行政執行分署）囑託辦理複丈及測量業務，其費用除前二條規定外，依下列規定分別計收：
A5: 一、測量及繪製共有物分割方案，依附表一項次四；其有多項分割方案，基本費僅收一次，施測費分別計收。
A6: 二、測量土地現況之地上物位置，依附表二項次一之建物位置圖測量費；需另計算地上物面積，依同項次之建物平面圖測量費。
A7: 三、未登記建物查封測量，依附表二項次一。
A8: 各級法院或行政執行分署囑託限期在登記機關收件之日起十五日內辦理者，其費用加倍計收。
A9: 第 6 條
A10: 登記機關受理下列複丈，得依已核定之測量成果辦理，無需實地測量者，依本標準規定之收費數額半數計收：
A11: 一、依法院確定判決書或與法院確定判決有同一效力之證明文件所申請之複丈。
A12: 二、依直轄市縣（市）不動產糾紛調處委員會設置及調處辦法作成調處確定結果所申請之複丈。
A119: 非屬建物測量收費內規(依據114年11月04日「受理囑託非屬建築物之位置與面積測量」收費方式會議 紀錄)
... A123: (三)若囑託測量物件成果為多項方案者，依「土地複丈費及建築改良物測量費收費標準」第4條第1項第1款規定，其位置測量基本費僅收1次，施測費則依各項方案分別計收。
